# ************************************************************
# Sequel Pro SQL dump
# Версия 4096
#
# http://www.sequelpro.com/
# http://code.google.com/p/sequel-pro/
#
# Адрес: mysql.alcospb.myjino.ru (MySQL 5.5.33-31.1-log)
# Схема: alcospb_new
# Время создания: 2014-04-07 19:18:13 +0000
# ************************************************************


/*!40101 SET @OLD_CHARACTER_SET_CLIENT=@@CHARACTER_SET_CLIENT */;
/*!40101 SET @OLD_CHARACTER_SET_RESULTS=@@CHARACTER_SET_RESULTS */;
/*!40101 SET @OLD_COLLATION_CONNECTION=@@COLLATION_CONNECTION */;
/*!40101 SET NAMES utf8 */;
/*!40014 SET @OLD_FOREIGN_KEY_CHECKS=@@FOREIGN_KEY_CHECKS, FOREIGN_KEY_CHECKS=0 */;
/*!40101 SET @OLD_SQL_MODE=@@SQL_MODE, SQL_MODE='NO_AUTO_VALUE_ON_ZERO' */;
/*!40111 SET @OLD_SQL_NOTES=@@SQL_NOTES, SQL_NOTES=0 */;


# Дамп таблицы companies
# ------------------------------------------------------------

DROP TABLE IF EXISTS `companies`;

CREATE TABLE `companies` (
  `id` int(11) unsigned NOT NULL AUTO_INCREMENT,
  `title` varchar(255) DEFAULT NULL,
  `description` varchar(255) DEFAULT NULL,
  `logo` varchar(255) DEFAULT NULL,
  `photos` varchar(255) DEFAULT NULL,
  `address` varchar(255) DEFAULT NULL,
  `map` varchar(255) DEFAULT NULL,
  `social-vk` varchar(255) DEFAULT NULL,
  `social-fb` varchar(255) DEFAULT NULL,
  `metro_id` int(11) NOT NULL,
  `url` varchar(255) NOT NULL,
  PRIMARY KEY (`id`)
) ENGINE=InnoDB DEFAULT CHARSET=utf8;

LOCK TABLES `companies` WRITE;
/*!40000 ALTER TABLE `companies` DISABLE KEYS */;

INSERT INTO `companies` (`id`, `title`, `description`, `logo`, `photos`, `address`, `map`, `social-vk`, `social-fb`, `metro_id`, `url`)
VALUES
	(1,'Nimax1',NULL,'1.gif',NULL,NULL,NULL,NULL,NULL,16,'http://nimax.ru'),
	(2,'Р—РёРіСѓР»Рё','','2.gif',NULL,NULL,NULL,NULL,NULL,2,'http://zi.ga.com');

/*!40000 ALTER TABLE `companies` ENABLE KEYS */;
UNLOCK TABLES;


# Дамп таблицы specialization
# ------------------------------------------------------------

DROP TABLE IF EXISTS `specialization`;

CREATE TABLE `specialization` (
  `id` int(11) unsigned NOT NULL AUTO_INCREMENT,
  `title` varchar(255) DEFAULT NULL,
  `type` enum('design','frontend','backend') DEFAULT NULL,
  PRIMARY KEY (`id`)
) ENGINE=InnoDB DEFAULT CHARSET=utf8;

LOCK TABLES `specialization` WRITE;
/*!40000 ALTER TABLE `specialization` DISABLE KEYS */;

INSERT INTO `specialization` (`id`, `title`, `type`)
VALUES
	(1,'Веб-дизайн','design'),
	(2,'Дизайн интерфейсов','design'),
	(3,'PHP','backend'),
	(4,'Ruby','backend'),
	(5,'Python','backend'),
	(6,'HTML/CSS','frontend'),
	(7,'jQuery','frontend'),
	(8,'JavaScript','frontend');

/*!40000 ALTER TABLE `specialization` ENABLE KEYS */;
UNLOCK TABLES;


# Дамп таблицы users
# ------------------------------------------------------------

DROP TABLE IF EXISTS `users`;

CREATE TABLE `users` (
  `id` int(11) NOT NULL AUTO_INCREMENT,
  `username` varchar(255) NOT NULL DEFAULT '',
  `password` varchar(255) NOT NULL,
  `last_login` date NOT NULL,
  `roles` set('ROLE_ADMIN','ROLE_MODERATOR','ROLE_USER') NOT NULL DEFAULT '',
  PRIMARY KEY (`id`)
) ENGINE=InnoDB DEFAULT CHARSET=utf8;

LOCK TABLES `users` WRITE;
/*!40000 ALTER TABLE `users` DISABLE KEYS */;

INSERT INTO `users` (`id`, `username`, `password`, `last_login`, `roles`)
VALUES
	(6,'petr','fNBMR8NGP14i54wt5ZsSL7PNYXiVDBrnYIhbVnu8koy1ByHUWu6VvIkC5bqtw7TEUQzfWnwvh08hl3VxaGrWHQ==','0000-00-00','ROLE_USER'),
	(7,'petr','fNBMR8NGP14i54wt5ZsSL7PNYXiVDBrnYIhbVnu8koy1ByHUWu6VvIkC5bqtw7TEUQzfWnwvh08hl3VxaGrWHQ==','0000-00-00','ROLE_USER'),
	(8,'petr','fNBMR8NGP14i54wt5ZsSL7PNYXiVDBrnYIhbVnu8koy1ByHUWu6VvIkC5bqtw7TEUQzfWnwvh08hl3VxaGrWHQ==','0000-00-00','ROLE_USER'),
	(9,'petr1','fNBMR8NGP14i54wt5ZsSL7PNYXiVDBrnYIhbVnu8koy1ByHUWu6VvIkC5bqtw7TEUQzfWnwvh08hl3VxaGrWHQ==','0000-00-00','ROLE_USER'),
	(10,'alcospb','aHS52Vw4OAV1CbNvzIa+UJGTFrQBUdIfXuANSnytSIZQsczmOuVNJqcOTTuNeJUPgEQ+FUHJy14JHJ1v9gV/vA==','0000-00-00','ROLE_MODERATOR');

/*!40000 ALTER TABLE `users` ENABLE KEYS */;
UNLOCK TABLES;


# Дамп таблицы vacancies
# ------------------------------------------------------------

DROP TABLE IF EXISTS `vacancies`;

CREATE TABLE `vacancies` (
  `id` int(11) unsigned NOT NULL AUTO_INCREMENT,
  `salary` int(11) unsigned NOT NULL,
  `company` int(11) unsigned NOT NULL,
  `title` varchar(255) DEFAULT NULL,
  `description` varchar(255) DEFAULT NULL,
  `fulltext` varchar(255) DEFAULT NULL,
  `start` date DEFAULT NULL,
  `end` date DEFAULT NULL,
  `quest_link` varchar(255) DEFAULT NULL,
  `work_requirements` varchar(255) DEFAULT NULL,
  `work_charges` varchar(255) DEFAULT NULL,
  `work_conditions` varchar(255) DEFAULT NULL,
  `mentor_name` varchar(255) DEFAULT NULL,
  `mentor_photo` varchar(255) DEFAULT NULL,
  `mentor_comment` varchar(255) NOT NULL,
  `employment` set('full','part','flexible') DEFAULT NULL,
  `pay` set('paid','negotiated','none') DEFAULT NULL,
  `remote` set('office','home') DEFAULT NULL,
  `specialization_id` int(11) DEFAULT NULL,
  PRIMARY KEY (`id`)
) ENGINE=InnoDB DEFAULT CHARSET=utf8;

LOCK TABLES `vacancies` WRITE;
/*!40000 ALTER TABLE `vacancies` DISABLE KEYS */;

INSERT INTO `vacancies` (`id`, `salary`, `company`, `title`, `description`, `fulltext`, `start`, `end`, `quest_link`, `work_requirements`, `work_charges`, `work_conditions`, `mentor_name`, `mentor_photo`, `mentor_comment`, `employment`, `pay`, `remote`, `specialization_id`)
VALUES
	(1,7000,1,'Стажер веб-дизайнер','Мы ищем самого крутого молодого дизайнера в нашу дружную классную команду! Ты молодец и умничка? Креативный функциональный многорук? Ты нужен нам!',NULL,'2014-04-22','2014-04-24',NULL,'[\"Первое условие\", \"Второе Второе Второе Второе Второе Второе Второе Второе Второе Второе Второе Второе Второе Второе Второе Второе Второе Второе Второе Второе Второе Второе Второе Второе Второе Второе условие\", \"Третье условие\", \"Четвертое условие\"]','[\"Первое условие\", \"Второе условие\", \"Третье условие\", \"Четвертое условие\"]','[\"Первое условие\", \"Второе условие\", \"Третье условие\", \"Четвертое условие\"]','Наставник Андрей Ильин, веб-дизайнер Nimax','img_tutor.jpg','Интерактивное агентство Nimax проектирует взаимодействие компаний с клиентами, товаров и услуг с потребителями, интерфейсов с пользователями,  сайтов с посетителями. Мы ищем в команду инициативного и профессионального человека, который готов расти вместе ','full','paid','home',1),
	(4,2500,3,'Крутой прогер','Работа то что надо',NULL,'2014-05-01','2014-05-30',NULL,'[\"Первое условие\", \"Второе Второе Второе Второе Второе Второе Второе Второе Второе Второе Второе Второе Второе Второе Второе Второе Второе Второе Второе Второе Второе Второе Второе Второе Второе Второе условие\", \"Третье условие\", \"Четвертое условие\"]','[\"Первое условие\", \"Второе условие\", \"Третье условие\", \"Четвертое условие\"]','[\"Первое условие\", \"Второе условие\", \"Третье условие\", \"Четвертое условие\"]','Vasya','1.jpg','метроский коммент','part','negotiated','office',2),
	(5,3000,2,'Крутой прогер 1','Работа то что надо',NULL,'2014-06-01','2014-06-25',NULL,'[\"Первое условие\", \"Второе Второе Второе Второе Второе Второе Второе Второе Второе Второе Второе Второе Второе Второе Второе Второе Второе Второе Второе Второе Второе Второе Второе Второе Второе Второе условие\", \"Третье условие\", \"Четвертое условие\"]','[\"Первое условие\", \"Второе условие\", \"Третье условие\", \"Четвертое условие\"]','[\"Первое условие\", \"Второе условие\", \"Третье условие\", \"Четвертое условие\"]','Vasya','1.jpg','метроский коммент','flexible','paid','home',3),
	(6,4000,3,'Крутой прогер 2','Работа то что надо',NULL,'2014-07-01','2014-07-22',NULL,'[\"Первое условие\", \"Второе Второе Второе Второе Второе Второе Второе Второе Второе Второе Второе Второе Второе Второе Второе Второе Второе Второе Второе Второе Второе Второе Второе Второе Второе Второе условие\", \"Третье условие\", \"Четвертое условие\"]','[\"Первое условие\", \"Второе условие\", \"Третье условие\", \"Четвертое условие\"]','[\"Первое условие\", \"Второе условие\", \"Третье условие\", \"Четвертое условие\"]','Vasya','1.jpg','метроский коммент','part','none','office',4),
	(7,5000,1,'sfsdf','Работа то что надо',NULL,'2014-08-01','2014-08-12',NULL,'[\"Первое условие\", \"Второе Второе Второе Второе Второе Второе Второе Второе Второе Второе Второе Второе Второе Второе Второе Второе Второе Второе Второе Второе Второе Второе Второе Второе Второе Второе условие\", \"Третье условие\", \"Четвертое условие\"]','[\"Первое условие\", \"Второе условие\", \"Третье условие\", \"Четвертое условие\"]','[\"Первое условие\", \"Второе условие\", \"Третье условие\", \"Четвертое условие\"]','Vasya','1.jpg','метроский коммент','full','paid','home',5),
	(8,6000,3,'dsgasdgdag','Работа то что надо',NULL,'2014-09-01','2014-09-10',NULL,'[\"Первое условие\", \"Второе Второе Второе Второе Второе Второе Второе Второе Второе Второе Второе Второе Второе Второе Второе Второе Второе Второе Второе Второе Второе Второе Второе Второе Второе Второе условие\", \"Третье условие\", \"Четвертое условие\"]','[\"Первое условие\", \"Второе условие\", \"Третье условие\", \"Четвертое условие\"]','[\"Первое условие\", \"Второе условие\", \"Третье условие\", \"Четвертое условие\"]','Vasya','1.jpg','метроский коммент','flexible','negotiated','office',6),
	(9,7000,2,'sdfasdfas','Работа то что надо',NULL,'2014-10-01','2014-10-09',NULL,'[\"Первое условие\", \"Второе Второе Второе Второе Второе Второе Второе Второе Второе Второе Второе Второе Второе Второе Второе Второе Второе Второе Второе Второе Второе Второе Второе Второе Второе Второе условие\", \"Третье условие\", \"Четвертое условие\"]','[\"Первое условие\", \"Второе условие\", \"Третье условие\", \"Четвертое условие\"]','[\"Первое условие\", \"Второе условие\", \"Третье условие\", \"Четвертое условие\"]','Vasya','1.jpg','метроский коммент','full','paid','home',7),
	(10,8000,3,' asdfsadfsdafsadfas','Работа то что надо',NULL,'2014-11-01','0000-00-00',NULL,'[\"Первое условие\", \"Второе Второе Второе Второе Второе Второе Второе Второе Второе Второе Второе Второе Второе Второе Второе Второе Второе Второе Второе Второе Второе Второе Второе Второе Второе Второе условие\", \"Третье условие\", \"Четвертое условие\"]','[\"Первое условие\", \"Второе условие\", \"Третье условие\", \"Четвертое условие\"]','[\"Первое условие\", \"Второе условие\", \"Третье условие\", \"Четвертое условие\"]','Vasya','1.jpg','метроский коммент','part','none','office',8);

/*!40000 ALTER TABLE `vacancies` ENABLE KEYS */;
UNLOCK TABLES;


# Дамп таблицы vn_db_metro
# ------------------------------------------------------------

DROP TABLE IF EXISTS `vn_db_metro`;

CREATE TABLE `vn_db_metro` (
  `metro_id` int(11) NOT NULL AUTO_INCREMENT,
  `title` varchar(70) NOT NULL,
  `content-description` text NOT NULL,
  `district_id` int(11) NOT NULL,
  `coordinates` varchar(100) NOT NULL,
  PRIMARY KEY (`metro_id`)
) ENGINE=MyISAM DEFAULT CHARSET=utf8;

LOCK TABLES `vn_db_metro` WRITE;
/*!40000 ALTER TABLE `vn_db_metro` DISABLE KEYS */;

INSERT INTO `vn_db_metro` (`metro_id`, `title`, `content-description`, `district_id`, `coordinates`)
VALUES
	(1,'Автово','',9,'{\"x\":0,\"y\":0}'),
	(2,'Адмиралтейская','',25,'{\"x\":0,\"y\":0}'),
	(3,'Академическая','',7,'{\"x\":0,\"y\":0}'),
	(4,'Балтийская','',1,'{\"x\":0,\"y\":0}'),
	(5,'Василеостровская','',2,'{\"x\":0,\"y\":0}'),
	(6,'Волковская','',24,'{\"x\":0,\"y\":0}'),
	(7,'Выборгская','',4,'{\"x\":0,\"y\":0}'),
	(8,'Горьковская','',18,'{\"x\":0,\"y\":0}'),
	(9,'Гостиный двор','',25,'{\"x\":0,\"y\":0}'),
	(10,'Гражданский проспект','',7,'{\"x\":0,\"y\":0}'),
	(11,'Девяткино','',3,'{\"x\":0,\"y\":0}'),
	(12,'Достоевская','',25,'{\"x\":0,\"y\":0}'),
	(13,'Елизаровская','',17,'{\"x\":0,\"y\":0}'),
	(14,'Звёздная','',16,'{\"x\":0,\"y\":0}'),
	(15,'Звенигородская','',1,'{\"x\":0,\"y\":0}'),
	(16,'Кировский завод','',9,'{\"x\":0,\"y\":0}'),
	(17,'Комендантский проспект','',20,'{\"x\":0,\"y\":0}'),
	(18,'Крестовский остров','',18,'{\"x\":0,\"y\":0}'),
	(19,'Купчино','',16,'{\"x\":0,\"y\":0}'),
	(20,'Ладожская','',11,'{\"x\":0,\"y\":0}'),
	(21,'Ленинский проспект','',9,'{\"x\":0,\"y\":0}'),
	(22,'Лесная','',4,'{\"x\":0,\"y\":0}'),
	(23,'Лиговский проспект','',25,'{\"x\":0,\"y\":0}'),
	(24,'Ломоносовская','',17,'{\"x\":0,\"y\":0}'),
	(25,'Маяковская','',25,'{\"x\":0,\"y\":0}'),
	(26,'Московская','',16,'{\"x\":0,\"y\":0}'),
	(27,'Московские ворота','',16,'{\"x\":0,\"y\":0}'),
	(28,'Нарвская','',9,'{\"x\":0,\"y\":0}'),
	(29,'Новочеркасская','',11,'{\"x\":0,\"y\":0}'),
	(30,'Обухово','',17,'{\"x\":0,\"y\":0}'),
	(31,'Озерки','',4,'{\"x\":0,\"y\":0}'),
	(32,'Парк Победы','',16,'{\"x\":0,\"y\":0}'),
	(33,'Парнас','',4,'{\"x\":0,\"y\":0}'),
	(34,'Петроградская','',18,'{\"x\":0,\"y\":0}'),
	(35,'Пионерская','',20,'{\"x\":0,\"y\":0}'),
	(36,'Площадь Александра Невского','',25,'{\"x\":0,\"y\":0}'),
	(37,'Площадь Восстания','',25,'{\"x\":0,\"y\":0}'),
	(38,'Площадь Ленина','',7,'{\"x\":0,\"y\":0}'),
	(39,'Площадь Мужества','',7,'{\"x\":0,\"y\":0}'),
	(40,'Политехническая','',7,'{\"x\":0,\"y\":0}'),
	(41,'Приморская','',2,'{\"x\":0,\"y\":0}'),
	(42,'Пролетарская','',17,'{\"x\":0,\"y\":0}'),
	(43,'Проспект Большевиков','',17,'{\"x\":0,\"y\":0}'),
	(44,'Проспект Ветеранов','',9,'{\"x\":0,\"y\":0}'),
	(45,'Проспект Просвещения','',4,'{\"x\":0,\"y\":0}'),
	(46,'Пушкинская','',1,'{\"x\":0,\"y\":0}'),
	(47,'Рыбацкое','',17,'{\"x\":0,\"y\":0}'),
	(48,'Садовая','',1,'{\"x\":0,\"y\":0}'),
	(49,'Сенная площадь','',1,'{\"x\":0,\"y\":0}'),
	(50,'Спасская','',1,'{\"x\":0,\"y\":0}'),
	(51,'Спортивная','',18,'{\"x\":0,\"y\":0}'),
	(52,'Старая Деревня','',20,'{\"x\":0,\"y\":0}'),
	(53,'Технологический институт','',1,'{\"x\":0,\"y\":0}'),
	(54,'Удельная','',4,'{\"x\":0,\"y\":0}'),
	(55,'Улица Дыбенко','',17,'{\"x\":0,\"y\":0}'),
	(56,'Фрунзенская','',1,'{\"x\":0,\"y\":0}'),
	(57,'Чёрная речка','',20,'{\"x\":0,\"y\":0}'),
	(58,'Чернышевская','',25,'{\"x\":0,\"y\":0}'),
	(59,'Чкаловская','',18,'{\"x\":0,\"y\":0}'),
	(60,'Электросила','',16,'{\"x\":0,\"y\":0}'),
	(61,'Международная','',24,''),
	(62,'Бухарестская','',24,''),
	(63,'Обводный канал','',24,'{\"x\":59.914016,\"y\":30.329432}'),
	(66,'Проспект Славы (2018 год)','',24,'{\"x\":0,\"y\":0}'),
	(65,'Спортивная-2 (2015 год)','',18,'{\"x\":0,\"y\":0}'),
	(67,'Дунайский проспект (2018 год)','',24,'{\"x\":0,\"y\":0}'),
	(68,'Шушары (2018 год)','',20,'{\"x\":0,\"y\":0}'),
	(69,'Большеохтинская (2025 год)','',11,'{\"x\":0,\"y\":0}'),
	(70,'Большой проспект (2018 год)','',2,'{\"x\":0,\"y\":0}'),
	(71,'Боровая (2020 год)','',24,'{\"x\":0,\"y\":0}'),
	(72,'Брестская (2025 год)','',9,'{\"x\":0,\"y\":0}'),
	(73,'Броневая (2021 год)','',16,'{\"x\":0,\"y\":0}'),
	(74,'Заставская (2020 год)','',16,'{\"x\":0,\"y\":0}'),
	(75,'Знаменская (2020 год)','',25,'{\"x\":0,\"y\":0}'),
	(76,'Зоопарк (2021 год)','',20,'{\"x\":0,\"y\":0}'),
	(77,'Индустриальный проспект (2025 год)','',11,'{\"x\":0,\"y\":0}'),
	(78,'Кудрово (2021 год)','',3,'{\"x\":0,\"y\":0}'),
	(79,'Лиговский проспект-2 (2025 год)','',25,'{\"x\":0,\"y\":0}'),
	(80,'Морской фасад (2020 год)','',2,'{\"x\":0,\"y\":0}'),
	(81,'Новокрестовская-1 (2017 год)','',18,'{\"x\":0,\"y\":0}'),
	(82,'Обводный канал-2 (2020 год)','',24,'{\"x\":0,\"y\":0}'),
	(83,'Озеро Долгое (2025 год)','',20,'{\"x\":0,\"y\":0}'),
	(84,'Пискаревка (2020 год)','',7,'{\"x\":0,\"y\":0}'),
	(85,'Полюстровский проспект (2020 год)','',11,'{\"x\":0,\"y\":0}'),
	(86,'Путиловская (2020 год)','',9,'{\"x\":0,\"y\":0}'),
	(87,'Ручьи (2025 год)','',11,'{\"x\":0,\"y\":0}'),
	(88,'Суворовская (2025 год)','',25,'{\"x\":0,\"y\":0}'),
	(89,'Театральная (2018 год)','',1,'{\"x\":0,\"y\":0}'),
	(90,'Улица Коммуны (2025 год)','',11,'{\"x\":0,\"y\":0}'),
	(91,'Улица Савушкина (2018 год)','',20,'{\"x\":0,\"y\":0}'),
	(92,'Шкиперская (2020 год)','',2,'{\"x\":0,\"y\":0}'),
	(93,'Шуваловский проспект (2020 год)','',20,'{\"x\":0,\"y\":0}'),
	(94,'Юго-Западная (2020 год)','',12,'{\"x\":0,\"y\":0}'),
	(95,'Яхтенная (2021 год)','',20,'{\"x\":0,\"y\":0}');

/*!40000 ALTER TABLE `vn_db_metro` ENABLE KEYS */;
UNLOCK TABLES;



/*!40111 SET SQL_NOTES=@OLD_SQL_NOTES */;
/*!40101 SET SQL_MODE=@OLD_SQL_MODE */;
/*!40014 SET FOREIGN_KEY_CHECKS=@OLD_FOREIGN_KEY_CHECKS */;
/*!40101 SET CHARACTER_SET_CLIENT=@OLD_CHARACTER_SET_CLIENT */;
/*!40101 SET CHARACTER_SET_RESULTS=@OLD_CHARACTER_SET_RESULTS */;
/*!40101 SET COLLATION_CONNECTION=@OLD_COLLATION_CONNECTION */;
